,Mouse Genes,Gene name,Gene stable ID version,Human gene stable ID,Human gene name
0,Fos,Fos,ENSMUSG00000021250.13,ENSG00000170345,FOS
1,Hspa1a,Hspa1a,ENSMUSG00000091971.3,ENSG00000204389,HSPA1A
2,Hspa1a,Hspa1a,ENSMUSG00000091971.3,ENSG00000204388,HSPA1B
3,Jun,Jun,ENSMUSG00000052684.4,ENSG00000177606,JUN
4,Fosb,Fosb,ENSMUSG00000003545.3,ENSG00000125740,FOSB
5,Junb,Junb,ENSMUSG00000052837.7,ENSG00000171223,JUNB
6,Egr1,Egr1,ENSMUSG00000038418.7,ENSG00000120738,EGR1
7,Hspa1b,Hspa1b,ENSMUSG00000090877.3,ENSG00000204389,HSPA1A
8,Hspa1b,Hspa1b,ENSMUSG00000090877.3,ENSG00000204388,HSPA1B
9,Ubc,Ubc,ENSMUSG00000008348.9,ENSG00000150991,UBC
10,Zfp36,Zfp36,ENSMUSG00000044786.6,ENSG00000128016,ZFP36
11,Hspb1,Hspb1,ENSMUSG00000004951.10,ENSG00000106211,HSPB1
12,Hsp90aa1,Hsp90aa1,ENSMUSG00000021270.13,ENSG00000080824,HSP90AA1
13,Mt2,Mt2,ENSMUSG00000031762.7,ENSG00000125148,MT2A
14,Dnajb1,Dnajb1,ENSMUSG00000005483.10,ENSG00000132002,DNAJB1
15,Btg2,Btg2,ENSMUSG00000020423.6,ENSG00000159388,BTG2
16,Nr4a1,Nr4a1,ENSMUSG00000023034.7,ENSG00000123358,NR4A1
17,Cebpd,Cebpd,ENSMUSG00000071637.5,ENSG00000221869,CEBPD
18,Hspa8,Hspa8,ENSMUSG00000015656.17,ENSG00000109971,HSPA8
19,Mt1,Mt1,ENSMUSG00000031765.8,ENSG00000125144,MT1G
20,Ier2,Ier2,ENSMUSG00000053560.5,ENSG00000160888,IER2
21,Dnaja1,Dnaja1,ENSMUSG00000028410.13,ENSG00000086061,DNAJA1
22,Socs3,Socs3,ENSMUSG00000053113.3,ENSG00000184557,SOCS3
23,Atf3,Atf3,ENSMUSG00000026628.13,ENSG00000162772,ATF3
24,Jund,Jund,ENSMUSG00000071076.6,ENSG00000130522,JUND
25,Cebpb,Cebpb,ENSMUSG00000056501.3,ENSG00000172216,CEBPB
26,Id3,Id3,ENSMUSG00000007872.3,ENSG00000117318,ID3
27,Ppp1r15a,Ppp1r15a,ENSMUSG00000040435.12,ENSG00000087074,PPP1R15A
28,Dusp1,Dusp1,ENSMUSG00000024190.7,ENSG00000120129,DUSP1
29,Hsp90ab1,Hsp90ab1,ENSMUSG00000023944.14,ENSG00000096384,HSP90AB1
30,Nfkbia,Nfkbia,ENSMUSG00000021025.8,ENSG00000100906,NFKBIA
31,Hsph1,Hsph1,ENSMUSG00000029657.15,ENSG00000120694,HSPH1
32,Klf4,Klf4,ENSMUSG00000003032.8,ENSG00000136826,KLF4
33,Irf1,Irf1,ENSMUSG00000018899.16,ENSG00000125347,IRF1
34,Egr2,Egr2,ENSMUSG00000037868.15,ENSG00000122877,EGR2
35,Gem,Gem,ENSMUSG00000028214.13,ENSG00000164949,GEM
36,Hes1,Hes1,ENSMUSG00000022528.8,ENSG00000114315,HES1
37,Serpine1,Serpine1,ENSMUSG00000037411.10,ENSG00000106366,SERPINE1
38,Actg1,Actg1,ENSMUSG00000062825.15,ENSG00000184009,ACTG1
39,Sat1,Sat1,ENSMUSG00000025283.15,ENSG00000130066,SAT1
40,Rpl32,Rpl32,ENSMUSG00000057841.5,ENSG00000144713,RPL32
41,Rps8,Rps8,ENSMUSG00000047675.15,ENSG00000142937,RPS8
42,Bag3,Bag3,ENSMUSG00000030847.8,ENSG00000151929,BAG3
43,Rps5,Rps5,ENSMUSG00000012848.15,ENSG00000083845,RPS5
44,Rpl38,Rpl38,ENSMUSG00000057322.12,ENSG00000172809,RPL38
45,Rps28,Rps28,ENSMUSG00000067288.13,ENSG00000233927,RPS28
46,Gpx3,Gpx3,ENSMUSG00000018339.11,ENSG00000211445,GPX3
47,Gnas,Gnas,ENSMUSG00000027523.20,ENSG00000087460,GNAS
48,Errfi1,Errfi1,ENSMUSG00000028967.10,ENSG00000116285,ERRFI1
49,Zfp36l1,Zfp36l1,ENSMUSG00000021127.7,ENSG00000185650,ZFP36L1
50,Apoe,Apoe,ENSMUSG00000002985.16,ENSG00000130203,APOE
51,Atf4,Atf4,ENSMUSG00000042406.8,ENSG00000128272,ATF4
52,Fosl2,Fosl2,ENSMUSG00000029135.10,ENSG00000075426,FOSL2
53,Rps25,Rps25,ENSMUSG00000009927.9,ENSG00000118181,RPS25
54,Nfkbiz,Nfkbiz,ENSMUSG00000035356.17,ENSG00000144802,NFKBIZ
55,Rpl18a,Rpl18a,ENSMUSG00000045128.9,ENSG00000105640,RPL18A
56,Mat2a,Mat2a,ENSMUSG00000053907.10,ENSG00000168906,MAT2A
57,Hspd1,Hspd1,ENSMUSG00000025980.14,ENSG00000144381,HSPD1
58,Rps9,Rps9,ENSMUSG00000006333.14,ENSG00000170889,RPS9
59,Rps3a1,Rps3a1,ENSMUSG00000028081.6,ENSG00000145425,RPS3A
60,Klf6,Klf6,ENSMUSG00000000078.7,ENSG00000067082,KLF6
61,Gadd45a,Gadd45a,ENSMUSG00000036390.8,ENSG00000116717,GADD45A
62,Rpl4,Rpl4,ENSMUSG00000032399.8,ENSG00000174444,RPL4
63,Ifrd1,Ifrd1,ENSMUSG00000001627.12,ENSG00000006652,IFRD1
64,Ifrd1,Ifrd1,ENSMUSG00000001627.12,ENSG00000288640,AC005192.1
65,Dag1,Dag1,ENSMUSG00000039952.15,ENSG00000173402,DAG1
66,Actb,Actb,ENSMUSG00000029580.14,ENSG00000075624,ACTB
67,Rpl12,Rpl12,ENSMUSG00000038900.17,ENSG00000197958,RPL12
68,Zfp36l2,Zfp36l2,ENSMUSG00000045817.8,ENSG00000152518,ZFP36L2
69,Ubb,Ubb,ENSMUSG00000019505.7,ENSG00000170315,UBB
70,Serpinh1,Serpinh1,ENSMUSG00000070436.12,ENSG00000149257,SERPINH1
71,Ccnl1,Ccnl1,ENSMUSG00000027829.15,ENSG00000163660,CCNL1
72,Tnfaip3,Tnfaip3,ENSMUSG00000019850.11,ENSG00000118503,TNFAIP3
73,Ddx3x,Ddx3x,ENSMUSG00000000787.12,ENSG00000215301,DDX3X
74,Rpl28,Rpl28,ENSMUSG00000030432.12,ENSG00000108107,RPL28
75,Eif1,Eif1,ENSMUSG00000035530.13,ENSG00000173812,EIF1
76,Bhlhe40,Bhlhe40,ENSMUSG00000030103.11,ENSG00000134107,BHLHE40
77,Rps27a,Rps27a,ENSMUSG00000020460.15,ENSG00000143947,RPS27A
78,Sparc,Sparc,ENSMUSG00000018593.13,ENSG00000113140,SPARC
79,Rpl24,Rpl24,ENSMUSG00000098274.7,ENSG00000114391,RPL24
80,Rpl11,Rpl11,ENSMUSG00000059291.15,ENSG00000142676,RPL11
81,Rnf6,Rnf6,ENSMUSG00000029634.15,ENSG00000127870,RNF6
82,Rps14,Rps14,ENSMUSG00000024608.11,ENSG00000164587,RPS14
83,P4ha1,P4ha1,ENSMUSG00000019916.14,ENSG00000122884,P4HA1
84,Rpl18,Rpl18,ENSMUSG00000059070.16,ENSG00000063177,RPL18
85,Dnaja4,Dnaja4,ENSMUSG00000032285.15,ENSG00000140403,DNAJA4
86,Rps3,Rps3,ENSMUSG00000030744.13,ENSG00000149273,RPS3
87,Eef2,Eef2,ENSMUSG00000034994.10,ENSG00000167658,EEF2
88,Rpl35,Rpl35,ENSMUSG00000062997.6,ENSG00000136942,RPL35
89,Tpt1,Tpt1,ENSMUSG00000060126.14,ENSG00000133112,TPT1
90,Rps15,Rps15,ENSMUSG00000063457.14,ENSG00000115268,RPS15
91,Cox4i1,Cox4i1,ENSMUSG00000031818.12,ENSG00000131143,COX4I1
92,Itm2b,Itm2b,ENSMUSG00000022108.8,ENSG00000136156,ITM2B
93,Gstm1,Gstm1,ENSMUSG00000058135.12,ENSG00000134184,GSTM1
94,Gsn,Gsn,ENSMUSG00000026879.14,ENSG00000148180,GSN
95,Klf2,Klf2,ENSMUSG00000055148.7,ENSG00000127528,KLF2
96,Pnrc1,Pnrc1,ENSMUSG00000040128.9,ENSG00000146278,PNRC1
97,Cd200,Cd200,ENSMUSG00000022661.14,ENSG00000091972,CD200
98,Rpl35a,Rpl35a,ENSMUSG00000060636.14,ENSG00000182899,RPL35A
99,Fau,Fau,ENSMUSG00000038274.13,ENSG00000149806,FAU
100,Hint1,Hint1,ENSMUSG00000020267.6,ENSG00000169567,HINT1
101,Itm2a,Itm2a,ENSMUSG00000031239.5,ENSG00000078596,ITM2A
102,Rps13,Rps13,ENSMUSG00000090862.3,ENSG00000110700,RPS13
103,Cdon,Cdon,ENSMUSG00000038119.15,ENSG00000064309,CDON
104,Rpl23,Rpl23,ENSMUSG00000071415.6,ENSG00000125691,RPL23
105,Rps16,Rps16,ENSMUSG00000037563.15,ENSG00000105193,RPS16
106,Gas1,Gas1,ENSMUSG00000052957.8,ENSG00000180447,GAS1
107,Ndufa13,Ndufa13,ENSMUSG00000036199.9,ENSG00000186010,NDUFA13
108,Cd63,Cd63,ENSMUSG00000025351.14,ENSG00000135404,CD63
109,Dynll1,Dynll1,ENSMUSG00000009013.5,ENSG00000088986,DYNLL1
110,Gm6525,Gm6525,ENSMUSG00000104043.1,ENSG00000165502,RPL36AL
111,Rgs4,Rgs4,ENSMUSG00000038530.11,ENSG00000117152,RGS4
112,Btg1,Btg1,ENSMUSG00000036478.8,ENSG00000133639,BTG1
113,H3f3b,H3f3b,ENSMUSG00000016559.14,ENSG00000132475,H3-3B
114,Hsd11b1,Hsd11b1,ENSMUSG00000016194.14,ENSG00000117594,HSD11B1
115,Rpl21,Rpl21,ENSMUSG00000041453.12,ENSG00000122026,RPL21
116,Tnnt3,Tnnt3,ENSMUSG00000061723.18,ENSG00000130595,TNNT3
117,Tra2b,Tra2b,ENSMUSG00000022858.16,ENSG00000136527,TRA2B
118,Nfib,Nfib,ENSMUSG00000008575.17,ENSG00000147862,NFIB
119,Cox6c,Cox6c,ENSMUSG00000014313.15,ENSG00000164919,COX6C
120,Eif4b,Eif4b,ENSMUSG00000058655.9,ENSG00000063046,EIF4B
121,Hspg2,Hspg2,ENSMUSG00000028763.18,ENSG00000142798,HSPG2
122,Sumo2,Sumo2,ENSMUSG00000020738.16,ENSG00000177688,SUMO4
123,Sumo2,Sumo2,ENSMUSG00000020738.16,ENSG00000188612,SUMO2
124,F2r,F2r,ENSMUSG00000048376.6,ENSG00000181104,F2R
125,Rpl13,Rpl13,ENSMUSG00000000740.12,ENSG00000167526,RPL13
126,Notch3,Notch3,ENSMUSG00000038146.8,ENSG00000074181,NOTCH3
127,Psap,Psap,ENSMUSG00000004207.14,ENSG00000197746,PSAP
128,Rpl36,Rpl36,ENSMUSG00000057863.6,ENSG00000130255,RPL36
129,Rhoj,Rhoj,ENSMUSG00000046768.13,ENSG00000126785,RHOJ
130,Nrbp2,Nrbp2,ENSMUSG00000075590.4,ENSG00000185189,NRBP2
131,Fgfr1,Fgfr1,ENSMUSG00000031565.18,ENSG00000077782,FGFR1
132,Rpl7,Rpl7,ENSMUSG00000043716.13,ENSG00000147604,RPL7
133,Lmna,Lmna,ENSMUSG00000028063.15,ENSG00000160789,LMNA
134,Fam124a,Fam124a,ENSMUSG00000035184.15,ENSG00000150510,FAM124A
135,Fam49a,Fam49a,ENSMUSG00000020589.17,ENSG00000197872,CYRIA
136,Dpt,Dpt,ENSMUSG00000026574.5,ENSG00000143196,DPT
137,Thbs1,Thbs1,ENSMUSG00000040152.8,ENSG00000137801,THBS1
138,Txnip,Txnip,ENSMUSG00000038393.14,ENSG00000265972,TXNIP
139,Rps21,Rps21,ENSMUSG00000039001.12,ENSG00000171858,RPS21
140,2300009A05Rik,2300009A05Rik,ENSMUSG00000032403.8,ENSG00000189227,C15orf61
141,4933434E20Rik,4933434E20Rik,ENSMUSG00000118504.1,ENSG00000143612,C1orf43
142,4933434E20Rik,4933434E20Rik,ENSMUSG00000027942.17,ENSG00000143612,C1orf43
143,9330159F19Rik,9330159F19Rik,ENSMUSG00000004360.9,ENSG00000189367,KIAA0408
144,Aaas,Aaas,ENSMUSG00000036678.8,ENSG00000094914,AAAS
145,Abcb1b,Abcb1b,ENSMUSG00000028970.9,ENSG00000085563,ABCB1
146,Abcb6,Abcb6,ENSMUSG00000026198.15,ENSG00000115657,ABCB6
147,Abhd16a,Abhd16a,ENSMUSG00000007036.15,ENSG00000204427,ABHD16A
148,Abi1,Abi1,ENSMUSG00000058835.14,ENSG00000136754,ABI1
149,Abr,Abr,ENSMUSG00000017631.19,ENSG00000159842,ABR
150,Acadl,Acadl,ENSMUSG00000026003.5,ENSG00000115361,ACADL
151,Acta1,Acta1,ENSMUSG00000031972.5,ENSG00000143632,ACTA1
152,Acta2,Acta2,ENSMUSG00000035783.9,ENSG00000107796,ACTA2
153,Adamts15,Adamts15,ENSMUSG00000033453.8,ENSG00000166106,ADAMTS15
154,Adamts5,Adamts5,ENSMUSG00000022894.6,ENSG00000154736,ADAMTS5
155,Adcy6,Adcy6,ENSMUSG00000022994.9,ENSG00000174233,ADCY6
156,Adh1,Adh1,ENSMUSG00000074207.10,ENSG00000196616,ADH1B
157,Adh1,Adh1,ENSMUSG00000074207.10,ENSG00000248144,ADH1C
158,Adh1,Adh1,ENSMUSG00000074207.10,ENSG00000187758,ADH1A
159,Aebp2,Aebp2,ENSMUSG00000030232.18,ENSG00000139154,AEBP2
160,Aff4,Aff4,ENSMUSG00000049470.13,ENSG00000072364,AFF4
161,Ahnak,Ahnak,ENSMUSG00000069833.13,ENSG00000124942,AHNAK
162,Ak2,Ak2,ENSMUSG00000028792.14,ENSG00000004455,AK2
163,Akr1a1,Akr1a1,ENSMUSG00000028692.14,ENSG00000117448,AKR1A1
164,Aldh3a1,Aldh3a1,ENSMUSG00000019102.10,ENSG00000108602,ALDH3A1
165,Aldoa,Aldoa,ENSMUSG00000030695.16,ENSG00000149925,ALDOA
166,Aldoa,Aldoa,ENSMUSG00000030695.16,ENSG00000285043,AC093512.2
167,Aldob,Aldob,ENSMUSG00000028307.9,ENSG00000136872,ALDOB
168,Anapc1,Anapc1,ENSMUSG00000014355.10,ENSG00000153107,ANAPC1
169,Ankrd10,Ankrd10,ENSMUSG00000031508.14,ENSG00000088448,ANKRD10
170,Ankrd12,Ankrd12,ENSMUSG00000034647.15,ENSG00000101745,ANKRD12
171,Ankrd29,Ankrd29,ENSMUSG00000057766.14,ENSG00000154065,ANKRD29
172,Antxr2,Antxr2,ENSMUSG00000029338.13,ENSG00000163297,ANTXR2
173,Anxa2,Anxa2,ENSMUSG00000032231.14,ENSG00000182718,ANXA2
174,Aqp1,Aqp1,ENSMUSG00000004655.5,ENSG00000240583,AQP1
175,Aqp1,Aqp1,ENSMUSG00000004655.5,ENSG00000250424,AC004691.2
176,Arf4,Arf4,ENSMUSG00000021877.12,ENSG00000168374,ARF4
177,Arhgdia,Arhgdia,ENSMUSG00000025132.13,ENSG00000141522,ARHGDIA
178,Arhgef10,Arhgef10,ENSMUSG00000071176.10,ENSG00000104728,ARHGEF10
179,Arhgef2,Arhgef2,ENSMUSG00000028059.16,ENSG00000116584,ARHGEF2
180,Arid5a,Arid5a,ENSMUSG00000037447.16,ENSG00000196843,ARID5A
181,Arl6ip1,Arl6ip1,ENSMUSG00000030654.9,ENSG00000260342,AC138811.2
182,Arl6ip1,Arl6ip1,ENSMUSG00000030654.9,ENSG00000170540,ARL6IP1
183,Armcx2,Armcx2,ENSMUSG00000033436.13,ENSG00000184867,ARMCX2
184,Arpc1b,Arpc1b,ENSMUSG00000029622.16,ENSG00000130429,ARPC1B
185,Arpc2,Arpc2,ENSMUSG00000006304.14,ENSG00000163466,ARPC2
186,Arpc3,Arpc3,ENSMUSG00000029465.14,ENSG00000111229,ARPC3
187,Ash1l,Ash1l,ENSMUSG00000028053.13,ENSG00000116539,ASH1L
188,Atp5a1,Atp5a1,ENSMUSG00000025428.15,ENSG00000152234,ATP5F1A
189,Atp5b,Atp5b,ENSMUSG00000025393.12,ENSG00000110955,ATP5F1B
190,Atp5e,Atp5e,ENSMUSG00000016252.7,ENSG00000124172,ATP5F1E
191,Atp5g3,Atp5g3,ENSMUSG00000018770.9,ENSG00000154518,ATP5MC3
192,Atp5j2,Atp5j2,ENSMUSG00000038690.15,ENSG00000241468,ATP5MF
193,Atp5l,Atp5l,ENSMUSG00000038717.8,ENSG00000167283,ATP5MG
194,Atp5l,Atp5l,ENSMUSG00000038717.8,ENSG00000249222,ATP5MGL
195,Atp6v1a,Atp6v1a,ENSMUSG00000052459.13,ENSG00000114573,ATP6V1A
196,Atpif1,Atpif1,ENSMUSG00000054428.12,ENSG00000130770,ATP5IF1
197,Atrx,Atrx,ENSMUSG00000031229.16,ENSG00000085224,ATRX
198,Atxn7,Atxn7,ENSMUSG00000021738.5,ENSG00000163635,ATXN7
199,B2m,B2m,ENSMUSG00000060802.8,ENSG00000166710,B2M
200,Bambi,Bambi,ENSMUSG00000024232.2,ENSG00000095739,BAMBI
201,Bcl3,Bcl3,ENSMUSG00000053175.17,ENSG00000069399,BCL3
202,Bcl7a,Bcl7a,ENSMUSG00000029438.9,ENSG00000110987,BCL7A
203,Blnk,Blnk,ENSMUSG00000061132.13,ENSG00000095585,BLNK
204,Bloc1s1,Bloc1s1,ENSMUSG00000090247.7,ENSG00000135441,BLOC1S1
205,Bloc1s1,Bloc1s1,ENSMUSG00000090247.7,ENSG00000258311,AC009779.3
206,Bnip3l,Bnip3l,ENSMUSG00000022051.15,ENSG00000104765,BNIP3L
207,Bod1l,Bod1l,ENSMUSG00000061755.10,ENSG00000038219,BOD1L1
208,Brd2,Brd2,ENSMUSG00000024335.20,ENSG00000204256,BRD2
209,Brd4,Brd4,ENSMUSG00000024002.18,ENSG00000141867,BRD4
210,Brpf1,Brpf1,ENSMUSG00000001632.16,ENSG00000156983,BRPF1
211,Btf3,Btf3,ENSMUSG00000021660.14,ENSG00000145741,BTF3
212,Bub3,Bub3,ENSMUSG00000066979.6,ENSG00000154473,BUB3
213,C1qbp,C1qbp,ENSMUSG00000018446.8,ENSG00000108561,C1QBP
214,Calcr,Calcr,ENSMUSG00000023964.15,ENSG00000004948,CALCR
215,Calm1,Calm1,ENSMUSG00000001175.16,ENSG00000198668,CALM1
216,Calm3,Calm3,ENSMUSG00000019370.10,ENSG00000160014,CALM3
217,Calu,Calu,ENSMUSG00000029767.16,ENSG00000128595,CALU
218,Capn6,Capn6,ENSMUSG00000067276.5,ENSG00000077274,CAPN6
219,Capza2,Capza2,ENSMUSG00000015733.13,ENSG00000198898,CAPZA2
220,Card10,Card10,ENSMUSG00000033170.14,ENSG00000100065,CARD10
221,Casp2,Casp2,ENSMUSG00000029863.13,ENSG00000106144,CASP2
222,Cav1,Cav1,ENSMUSG00000007655.16,ENSG00000105974,CAV1
223,Cbx3,Cbx3,ENSMUSG00000029836.15,ENSG00000122565,CBX3
224,Cbx5,Cbx5,ENSMUSG00000009575.14,ENSG00000094916,CBX5
225,Cbx7,Cbx7,ENSMUSG00000053411.16,ENSG00000100307,CBX7
226,Ccar1,Ccar1,ENSMUSG00000020074.7,ENSG00000060339,CCAR1
227,Ccl19,Ccl19,ENSMUSG00000094661.1,ENSG00000172724,CCL19
228,Ccl19,Ccl19,ENSMUSG00000071005.7,ENSG00000172724,CCL19
229,Ccni,Ccni,ENSMUSG00000063015.12,ENSG00000118816,CCNI
230,Ccnl2,Ccnl2,ENSMUSG00000029068.16,ENSG00000221978,CCNL2
231,Cct2,Cct2,ENSMUSG00000034024.8,ENSG00000166226,CCT2
232,Cct4,Cct4,ENSMUSG00000007739.10,ENSG00000115484,CCT4
233,Cct5,Cct5,ENSMUSG00000022234.15,ENSG00000150753,CCT5
234,Cct6a,Cct6a,ENSMUSG00000029447.11,ENSG00000146731,CCT6A
235,Cd34,Cd34,ENSMUSG00000016494.9,ENSG00000174059,CD34
236,Cd36,Cd36,ENSMUSG00000002944.15,ENSG00000135218,CD36
237,Cd82,Cd82,ENSMUSG00000027215.13,ENSG00000085117,CD82
238,Cd9,Cd9,ENSMUSG00000030342.8,ENSG00000010278,CD9
239,Cdc42,Cdc42,ENSMUSG00000006699.17,ENSG00000070831,CDC42
240,Cdh5,Cdh5,ENSMUSG00000031871.9,ENSG00000179776,CDH5
241,Cdip1,Cdip1,ENSMUSG00000004071.13,ENSG00000089486,CDIP1
242,Cdkn1c,Cdkn1c,ENSMUSG00000037664.13,ENSG00000129757,CDKN1C
243,Cdkn2c,Cdkn2c,ENSMUSG00000028551.14,ENSG00000123080,CDKN2C
244,Celf2,Celf2,ENSMUSG00000002107.18,ENSG00000048740,CELF2
245,Cfl2,Cfl2,ENSMUSG00000062929.8,ENSG00000165410,CFL2
246,Chchd2,Chchd2,ENSMUSG00000070493.3,ENSG00000106153,CHCHD2
247,Chd7,Chd7,ENSMUSG00000041235.12,ENSG00000171316,CHD7
248,Chic1,Chic1,ENSMUSG00000031327.10,ENSG00000204116,CHIC1
249,Chic2,Chic2,ENSMUSG00000029229.8,ENSG00000109220,CHIC2
250,Chmp3,Chmp3,ENSMUSG00000053119.11,ENSG00000249884,RNF103-CHMP3
251,Chmp3,Chmp3,ENSMUSG00000053119.11,ENSG00000115561,CHMP3
252,Chodl,Chodl,ENSMUSG00000022860.15,ENSG00000154645,CHODL
253,Chtop,Chtop,ENSMUSG00000001017.15,ENSG00000160679,CHTOP
254,Cirbp,Cirbp,ENSMUSG00000045193.13,ENSG00000099622,CIRBP
255,Cited2,Cited2,ENSMUSG00000039910.10,ENSG00000164442,CITED2
256,Ckap5,Ckap5,ENSMUSG00000040549.16,ENSG00000175216,CKAP5
257,Clasp2,Clasp2,ENSMUSG00000033392.16,ENSG00000163539,CLASP2
258,Clmn,Clmn,ENSMUSG00000021097.15,ENSG00000165959,CLMN
259,Clmp,Clmp,ENSMUSG00000032024.10,ENSG00000166250,CLMP
260,Clta,Clta,ENSMUSG00000028478.18,ENSG00000122705,CLTA
261,Cmpk2,Cmpk2,ENSMUSG00000020638.8,ENSG00000134326,CMPK2
262,Cnbp,Cnbp,ENSMUSG00000030057.15,ENSG00000169714,CNBP
263,Cnn3,Cnn3,ENSMUSG00000053931.11,ENSG00000117519,CNN3
264,Cnot1,Cnot1,ENSMUSG00000036550.16,ENSG00000125107,CNOT1
265,Col1a2,Col1a2,ENSMUSG00000029661.16,ENSG00000164692,COL1A2
266,Col3a1,Col3a1,ENSMUSG00000026043.18,ENSG00000168542,COL3A1
267,Col4a1,Col4a1,ENSMUSG00000031502.11,ENSG00000187498,COL4A1
268,Cope,Cope,ENSMUSG00000055681.14,ENSG00000105669,COPE
269,Coq10b,Coq10b,ENSMUSG00000025981.13,ENSG00000115520,COQ10B
270,Coq2,Coq2,ENSMUSG00000029319.8,ENSG00000173085,COQ2
271,Cox20,Cox20,ENSMUSG00000026500.6,ENSG00000203667,COX20
272,Cox6a1,Cox6a1,ENSMUSG00000041697.8,ENSG00000111775,COX6A1
273,Cox7c,Cox7c,ENSMUSG00000017778.14,ENSG00000127184,COX7C
274,Cox8a,Cox8a,ENSMUSG00000035885.5,ENSG00000176340,COX8A
275,Cp,Cp,ENSMUSG00000003617.16,ENSG00000047457,CP
276,Cpne8,Cpne8,ENSMUSG00000052560.15,ENSG00000139117,CPNE8
277,Cpsf7,Cpsf7,ENSMUSG00000034820.4,ENSG00000149532,CPSF7
278,Crip1,Crip1,ENSMUSG00000006360.11,ENSG00000257341,AL928654.3
279,Crip1,Crip1,ENSMUSG00000006360.11,ENSG00000213145,CRIP1
280,Crip2,Crip2,ENSMUSG00000006356.10,ENSG00000182809,CRIP2
281,Crispld2,Crispld2,ENSMUSG00000031825.16,ENSG00000103196,CRISPLD2
282,Crlf1,Crlf1,ENSMUSG00000007888.15,ENSG00000006016,CRLF1
283,Cryab,Cryab,ENSMUSG00000032060.10,ENSG00000109846,CRYAB
284,Csde1,Csde1,ENSMUSG00000068823.10,ENSG00000009307,CSDE1
285,Csf1,Csf1,ENSMUSG00000014599.10,ENSG00000184371,CSF1
286,Csnk1a1,Csnk1a1,ENSMUSG00000024576.14,ENSG00000113712,CSNK1A1
287,Ctdsp2,Ctdsp2,ENSMUSG00000078429.9,ENSG00000175215,CTDSP2
288,Ctdspl,Ctdspl,ENSMUSG00000047409.13,ENSG00000144677,CTDSPL
289,Ctnnb1,Ctnnb1,ENSMUSG00000006932.17,ENSG00000168036,CTNNB1
290,Ctsb,Ctsb,ENSMUSG00000021939.8,ENSG00000164733,CTSB
291,Ctsz,Ctsz,ENSMUSG00000016256.10,ENSG00000101160,CTSZ
292,Cttnbp2nl,Cttnbp2nl,ENSMUSG00000062127.11,ENSG00000143079,CTTNBP2NL
293,Cuedc1,Cuedc1,ENSMUSG00000018378.13,ENSG00000180891,CUEDC1
294,Cwf19l1,Cwf19l1,ENSMUSG00000025200.7,ENSG00000095485,CWF19L1
295,Cxcl12,Cxcl12,ENSMUSG00000061353.11,ENSG00000107562,CXCL12
296,Cxxc5,Cxxc5,ENSMUSG00000046668.9,ENSG00000171604,CXXC5
297,Cyb5r4,Cyb5r4,ENSMUSG00000032872.16,ENSG00000065615,CYB5R4
298,Cyp2d22,Cyp2d22,ENSMUSG00000061740.8,ENSG00000205702,CYP2D7
299,Cyp2d22,Cyp2d22,ENSMUSG00000061740.8,ENSG00000100197,CYP2D6
300,Dazap1,Dazap1,ENSMUSG00000069565.12,ENSG00000071626,DAZAP1
301,Dbx1,Dbx1,ENSMUSG00000030507.6,ENSG00000109851,DBX1
302,Dcn,Dcn,ENSMUSG00000019929.16,ENSG00000011465,DCN
303,Dcp1a,Dcp1a,ENSMUSG00000021962.9,ENSG00000272886,DCP1A
304,Ddit3,Ddit3,ENSMUSG00000025408.15,ENSG00000175197,DDIT3
305,Ddit3,Ddit3,ENSMUSG00000116429.1,ENSG00000285133,AC022506.1
306,Ddit4,Ddit4,ENSMUSG00000020108.4,ENSG00000168209,DDIT4
307,Ddr2,Ddr2,ENSMUSG00000026674.9,ENSG00000162733,DDR2
308,Ddx5,Ddx5,ENSMUSG00000020719.14,ENSG00000108654,DDX5
309,Des,Des,ENSMUSG00000026208.9,ENSG00000175084,DES
310,Dhcr24,Dhcr24,ENSMUSG00000034926.3,ENSG00000116133,DHCR24
311,Dhrs11,Dhrs11,ENSMUSG00000034449.7,ENSG00000278535,DHRS11
312,Dhx15,Dhx15,ENSMUSG00000029169.11,ENSG00000109606,DHX15
313,Dnajb4,Dnajb4,ENSMUSG00000028035.13,ENSG00000162616,DNAJB4
314,Dppa5a,Dppa5a,ENSMUSG00000060461.5,ENSG00000203909,DPPA5
315,Drp2,Drp2,ENSMUSG00000000223.13,ENSG00000102385,DRP2
316,Dstyk,Dstyk,ENSMUSG00000042046.15,ENSG00000133059,DSTYK
317,Dtx4,Dtx4,ENSMUSG00000039982.8,ENSG00000110042,DTX4
318,Dync1li2,Dync1li2,ENSMUSG00000035770.8,ENSG00000135720,DYNC1LI2
319,Edn3,Edn3,ENSMUSG00000027524.9,ENSG00000124205,EDN3
320,Eef1b2,Eef1b2,ENSMUSG00000025967.16,ENSG00000114942,EEF1B2
321,Efhd2,Efhd2,ENSMUSG00000040659.3,ENSG00000142634,EFHD2
322,Eif3e,Eif3e,ENSMUSG00000022336.3,ENSG00000104408,EIF3E
323,Eif3g,Eif3g,ENSMUSG00000070319.6,ENSG00000130811,EIF3G
324,Eif3h,Eif3h,ENSMUSG00000022312.11,ENSG00000147677,EIF3H
325,Eif3i,Eif3i,ENSMUSG00000028798.16,ENSG00000084623,EIF3I
326,Eif3k,Eif3k,ENSMUSG00000053565.10,ENSG00000178982,EIF3K
327,Eif4a1,Eif4a1,ENSMUSG00000059796.16,ENSG00000161960,EIF4A1
328,Eif4a2,Eif4a2,ENSMUSG00000022884.16,ENSG00000156976,EIF4A2
329,Eif4g2,Eif4g2,ENSMUSG00000005610.17,ENSG00000110321,EIF4G2
330,Eif4h,Eif4h,ENSMUSG00000040731.13,ENSG00000106682,EIF4H
331,Eif5,Eif5,ENSMUSG00000021282.17,ENSG00000100664,EIF5
332,Eif5a,Eif5a,ENSMUSG00000078812.10,ENSG00000132507,EIF5A
333,Eif5a,Eif5a,ENSMUSG00000078812.10,ENSG00000253626,EIF5AL1
334,Elovl6,Elovl6,ENSMUSG00000041220.10,ENSG00000170522,ELOVL6
335,Emp2,Emp2,ENSMUSG00000022505.9,ENSG00000213853,EMP2
336,Emp3,Emp3,ENSMUSG00000040212.12,ENSG00000142227,EMP3
337,Epc1,Epc1,ENSMUSG00000024240.13,ENSG00000120616,EPC1
338,Ephx1,Ephx1,ENSMUSG00000038776.13,ENSG00000143819,EPHX1
339,Eprs,Eprs,ENSMUSG00000026615.14,ENSG00000136628,EPRS1
340,Eps15,Eps15,ENSMUSG00000028552.13,ENSG00000085832,EPS15
341,Ewsr1,Ewsr1,ENSMUSG00000009079.16,ENSG00000182944,EWSR1
342,Exosc4,Exosc4,ENSMUSG00000034259.8,ENSG00000178896,EXOSC4
343,Fabp1,Fabp1,ENSMUSG00000054422.7,ENSG00000163586,FABP1
344,Fabp4,Fabp4,ENSMUSG00000062515.3,ENSG00000170323,FABP4
345,Fabp5,Fabp5,ENSMUSG00000027533.10,ENSG00000164687,FABP5
346,Faim,Faim,ENSMUSG00000032463.10,ENSG00000158234,FAIM
347,Fam199x,Fam199x,ENSMUSG00000042595.7,ENSG00000123575,FAM199X
348,Fbxo11,Fbxo11,ENSMUSG00000005371.15,ENSG00000138081,FBXO11
349,Fbxo4,Fbxo4,ENSMUSG00000022184.8,ENSG00000151876,FBXO4
350,Fbxo7,Fbxo7,ENSMUSG00000001786.14,ENSG00000100225,FBXO7
351,Fem1a,Fem1a,ENSMUSG00000043683.4,ENSG00000141965,FEM1A
352,Fhl1,Fhl1,ENSMUSG00000023092.16,ENSG00000022267,FHL1
353,Filip1l,Filip1l,ENSMUSG00000043336.14,ENSG00000168386,FILIP1L
354,Fkbp1a,Fkbp1a,ENSMUSG00000032966.14,ENSG00000198225,FKBP1C
355,Fkbp1a,Fkbp1a,ENSMUSG00000032966.14,ENSG00000088832,FKBP1A
356,Flna,Flna,ENSMUSG00000031328.16,ENSG00000196924,FLNA
357,Flnc,Flnc,ENSMUSG00000068699.12,ENSG00000128591,FLNC
358,Fmo1,Fmo1,ENSMUSG00000040181.14,ENSG00000010932,FMO1
359,Foxo1,Foxo1,ENSMUSG00000044167.6,ENSG00000150907,FOXO1
360,Foxp2,Foxp2,ENSMUSG00000029563.16,ENSG00000128573,FOXP2
361,Ftl1,Ftl1,ENSMUSG00000050708.16,ENSG00000087086,FTL
362,Fto,Fto,ENSMUSG00000055932.15,ENSG00000140718,FTO
363,Fundc2,Fundc2,ENSMUSG00000031198.4,ENSG00000165775,FUNDC2
364,Fxyd6,Fxyd6,ENSMUSG00000066705.7,ENSG00000137726,FXYD6
365,Gabarap,Gabarap,ENSMUSG00000018567.14,ENSG00000170296,GABARAP
366,Gal,Gal,ENSMUSG00000024907.7,ENSG00000069482,GAL
367,Garnl3,Garnl3,ENSMUSG00000038860.15,ENSG00000136895,GARNL3
368,Gas6,Gas6,ENSMUSG00000031451.6,ENSG00000183087,GAS6
369,Gbp6,Gbp6,ENSMUSG00000104713.4,ENSG00000183347,GBP6
370,Ggnbp2,Ggnbp2,ENSMUSG00000020530.14,ENSG00000278311,GGNBP2
371,Ginm1,Ginm1,ENSMUSG00000040006.13,ENSG00000055211,GINM1
372,Glul,Glul,ENSMUSG00000026473.16,ENSG00000135821,GLUL
373,Gna13,Gna13,ENSMUSG00000020611.14,ENSG00000120063,GNA13
374,Gpihbp1,Gpihbp1,ENSMUSG00000022579.10,ENSG00000277494,GPIHBP1
375,Gpn3,Gpn3,ENSMUSG00000029464.10,ENSG00000111231,GPN3
376,Gpx1,Gpx1,ENSMUSG00000063856.7,ENSG00000233276,GPX1
377,Gstk1,Gstk1,ENSMUSG00000029864.7,ENSG00000197448,GSTK1
378,Gstm2,Gstm2,ENSMUSG00000040562.12,ENSG00000134184,GSTM1
379,H1f0,H1f0,ENSMUSG00000096210.2,ENSG00000189060,H1-0
380,H3f3a,H3f3a,ENSMUSG00000060743.12,ENSG00000163041,H3-3A
381,Hax1,Hax1,ENSMUSG00000027944.13,ENSG00000143575,HAX1
382,Hdgf,Hdgf,ENSMUSG00000004897.16,ENSG00000143321,HDGF
383,Hectd1,Hectd1,ENSMUSG00000035247.16,ENSG00000092148,HECTD1
384,Helb,Helb,ENSMUSG00000020228.11,ENSG00000127311,HELB
385,Herpud1,Herpud1,ENSMUSG00000031770.16,ENSG00000051108,HERPUD1
386,Hey1,Hey1,ENSMUSG00000040289.8,ENSG00000164683,HEY1
387,Heyl,Heyl,ENSMUSG00000032744.4,ENSG00000163909,HEYL
388,Hivep2,Hivep2,ENSMUSG00000015501.10,ENSG00000010818,HIVEP2
389,Hmgb1,Hmgb1,ENSMUSG00000066551.12,ENSG00000189403,HMGB1
390,Hmgn1,Hmgn1,ENSMUSG00000040681.16,ENSG00000205581,HMGN1
391,Hmgn3,Hmgn3,ENSMUSG00000066456.14,ENSG00000118418,HMGN3
392,Hnrnpa0,Hnrnpa0,ENSMUSG00000007836.6,ENSG00000177733,HNRNPA0
393,Hnrnpa2b1,Hnrnpa2b1,ENSMUSG00000004980.16,ENSG00000122566,HNRNPA2B1
394,Hnrnpa3,Hnrnpa3,ENSMUSG00000059005.13,ENSG00000170144,HNRNPA3
395,Hnrnpf,Hnrnpf,ENSMUSG00000042079.13,ENSG00000169813,HNRNPF
396,Hnrnph1,Hnrnph1,ENSMUSG00000007850.16,ENSG00000169045,HNRNPH1
397,Hnrnph2,Hnrnph2,ENSMUSG00000045427.13,ENSG00000126945,HNRNPH2
398,Hook3,Hook3,ENSMUSG00000037234.17,ENSG00000168172,HOOK3
399,Hoxa10,Hoxa10,ENSMUSG00000000938.11,ENSG00000253293,HOXA10
400,Hp1bp3,Hp1bp3,ENSMUSG00000028759.13,ENSG00000127483,HP1BP3
401,Hps4,Hps4,ENSMUSG00000042328.13,ENSG00000100099,HPS4
402,Hspa5,Hspa5,ENSMUSG00000026864.13,ENSG00000044574,HSPA5
403,Hspb8,Hspb8,ENSMUSG00000041548.4,ENSG00000152137,HSPB8
404,Htatsf1,Htatsf1,ENSMUSG00000067873.11,ENSG00000102241,HTATSF1
405,Htra1,Htra1,ENSMUSG00000006205.13,ENSG00000166033,HTRA1
406,Htra3,Htra3,ENSMUSG00000029096.15,ENSG00000170801,HTRA3
407,Hypk,Hypk,ENSMUSG00000027245.11,ENSG00000242028,HYPK
408,Id1,Id1,ENSMUSG00000042745.9,ENSG00000125968,ID1
409,Idh2,Idh2,ENSMUSG00000030541.16,ENSG00000182054,IDH2
410,Ids,Ids,ENSMUSG00000035847.15,ENSG00000241489,AC244197.3
411,Ids,Ids,ENSMUSG00000035847.15,ENSG00000010404,IDS
412,Ier5,Ier5,ENSMUSG00000056708.5,ENSG00000162783,IER5
413,Ifit1,Ifit1,ENSMUSG00000034459.8,ENSG00000204010,IFIT1B
414,Ifit2,Ifit2,ENSMUSG00000045932.12,ENSG00000119922,IFIT2
415,Ifitm3,Ifitm3,ENSMUSG00000025492.6,ENSG00000185885,IFITM1
416,Ifitm3,Ifitm3,ENSMUSG00000025492.6,ENSG00000185201,IFITM2
417,Ifitm3,Ifitm3,ENSMUSG00000025492.6,ENSG00000142089,IFITM3
418,Igf2,Igf2,ENSMUSG00000048583.16,ENSG00000167244,IGF2
419,Igfbp4,Igfbp4,ENSMUSG00000017493.12,ENSG00000141753,IGFBP4
420,Igfbp5,Igfbp5,ENSMUSG00000026185.8,ENSG00000115461,IGFBP5
421,Igfbp7,Igfbp7,ENSMUSG00000036256.13,ENSG00000163453,IGFBP7
422,Il11ra1,Il11ra1,ENSMUSG00000073889.10,ENSG00000258728,AL162231.3
423,Il11ra1,Il11ra1,ENSMUSG00000073889.10,ENSG00000137070,IL11RA
424,Il17ra,Il17ra,ENSMUSG00000002897.5,ENSG00000177663,IL17RA
425,Ilf3,Ilf3,ENSMUSG00000032178.14,ENSG00000129351,ILF3
426,Insig2,Insig2,ENSMUSG00000003721.14,ENSG00000125629,INSIG2
427,Irf2bpl,Irf2bpl,ENSMUSG00000034168.7,ENSG00000119669,IRF2BPL
428,Itga7,Itga7,ENSMUSG00000025348.9,ENSG00000135424,ITGA7
429,Jmjd1c,Jmjd1c,ENSMUSG00000037876.17,ENSG00000171988,JMJD1C
430,Kcne4,Kcne4,ENSMUSG00000047330.8,ENSG00000152049,KCNE4
431,Klf11,Klf11,ENSMUSG00000020653.12,ENSG00000172059,KLF11
432,Lamb2,Lamb2,ENSMUSG00000052911.9,ENSG00000172037,LAMB2
433,Lamtor3,Lamtor3,ENSMUSG00000091512.5,ENSG00000109270,LAMTOR3
434,Laptm4a,Laptm4a,ENSMUSG00000020585.4,ENSG00000068697,LAPTM4A
435,Lars2,Lars2,ENSMUSG00000035202.8,ENSG00000011376,LARS2
436,Lats2,Lats2,ENSMUSG00000021959.16,ENSG00000150457,LATS2
437,Lbr,Lbr,ENSMUSG00000004880.11,ENSG00000143815,LBR
438,Ldha,Ldha,ENSMUSG00000063229.15,ENSG00000134333,LDHA
439,Lgals1,Lgals1,ENSMUSG00000068220.6,ENSG00000100097,LGALS1
440,Lgals3bp,Lgals3bp,ENSMUSG00000033880.11,ENSG00000108679,LGALS3BP
441,Lmbrd1,Lmbrd1,ENSMUSG00000073725.8,ENSG00000168216,LMBRD1
442,Loxl2,Loxl2,ENSMUSG00000034205.16,ENSG00000134013,LOXL2
443,Lpar4,Lpar4,ENSMUSG00000049929.7,ENSG00000147145,LPAR4
444,Lpl,Lpl,ENSMUSG00000015568.16,ENSG00000175445,LPL
445,Lpp,Lpp,ENSMUSG00000033306.15,ENSG00000145012,LPP
446,Lrig1,Lrig1,ENSMUSG00000030029.14,ENSG00000144749,LRIG1
447,Lrrc2,Lrrc2,ENSMUSG00000032495.8,ENSG00000163827,LRRC2
448,Lsm6,Lsm6,ENSMUSG00000031683.16,ENSG00000164167,LSM6
449,Ltbp1,Ltbp1,ENSMUSG00000001870.16,ENSG00000049323,LTBP1
450,Ltbp4,Ltbp4,ENSMUSG00000040488.18,ENSG00000090006,LTBP4
451,Luc7l2,Luc7l2,ENSMUSG00000029823.16,ENSG00000146963,LUC7L2
452,Magoh,Magoh,ENSMUSG00000028609.6,ENSG00000162385,MAGOH
453,Man1a2,Man1a2,ENSMUSG00000008763.16,ENSG00000198162,MAN1A2
454,Map1b,Map1b,ENSMUSG00000052727.6,ENSG00000131711,MAP1B
455,Map2,Map2,ENSMUSG00000015222.18,ENSG00000078018,MAP2
456,Map4k5,Map4k5,ENSMUSG00000034761.15,ENSG00000012983,MAP4K5
457,Marcks,Marcks,ENSMUSG00000069662.5,ENSG00000277443,MARCKS
458,Marf1,Marf1,ENSMUSG00000060657.8,ENSG00000166783,MARF1
459,Mbnl1,Mbnl1,ENSMUSG00000027763.13,ENSG00000152601,MBNL1
460,Mbnl2,Mbnl2,ENSMUSG00000022139.17,ENSG00000139793,MBNL2
461,Mbtps1,Mbtps1,ENSMUSG00000031835.16,ENSG00000140943,MBTPS1
462,Mcl1,Mcl1,ENSMUSG00000038612.16,ENSG00000143384,MCL1
463,Mcts1,Mcts1,ENSMUSG00000000355.13,ENSG00000232119,MCTS1
464,Mdfic,Mdfic,ENSMUSG00000041390.18,ENSG00000135272,MDFIC
465,Mecp2,Mecp2,ENSMUSG00000031393.16,ENSG00000169057,MECP2
466,Med23,Med23,ENSMUSG00000019984.16,ENSG00000112282,MED23
467,Mest,Mest,ENSMUSG00000051855.15,ENSG00000106484,MEST
468,Mgp,Mgp,ENSMUSG00000030218.2,ENSG00000111341,MGP
469,Midn,Midn,ENSMUSG00000035621.13,ENSG00000167470,MIDN
470,Mon2,Mon2,ENSMUSG00000034602.15,ENSG00000061987,MON2
471,Morf4l1,Morf4l1,ENSMUSG00000062270.14,ENSG00000185787,MORF4L1
472,Mrc2,Mrc2,ENSMUSG00000020695.14,ENSG00000011028,MRC2
473,Mrpl30,Mrpl30,ENSMUSG00000026087.11,ENSG00000241962,AC079447.1
474,Mrpl30,Mrpl30,ENSMUSG00000026087.11,ENSG00000185414,MRPL30
475,Mrpl33,Mrpl33,ENSMUSG00000106918.3,ENSG00000243147,MRPL33
476,Mrpl4,Mrpl4,ENSMUSG00000003299.10,ENSG00000105364,MRPL4
477,Mrps24,Mrps24,ENSMUSG00000020477.10,ENSG00000062582,MRPS24
478,Msc,Msc,ENSMUSG00000025930.6,ENSG00000178860,MSC
479,Mtdh,Mtdh,ENSMUSG00000022255.16,ENSG00000147649,MTDH
480,Mtf2,Mtf2,ENSMUSG00000029267.17,ENSG00000143033,MTF2
481,Mx2,Mx2,ENSMUSG00000023341.15,ENSG00000157601,MX1
482,Mxd1,Mxd1,ENSMUSG00000001156.9,ENSG00000059728,MXD1
483,Myadm,Myadm,ENSMUSG00000068566.12,ENSG00000179820,MYADM
484,Mybpc1,Mybpc1,ENSMUSG00000020061.18,ENSG00000196091,MYBPC1
485,Myf5,Myf5,ENSMUSG00000000435.1,ENSG00000111049,MYF5
486,Myl6,Myl6,ENSMUSG00000090841.2,ENSG00000092841,MYL6
487,Myod1,Myod1,ENSMUSG00000009471.4,ENSG00000129152,MYOD1
488,Mysm1,Mysm1,ENSMUSG00000062627.9,ENSG00000162601,MYSM1
489,Naca,Naca,ENSMUSG00000061315.14,ENSG00000196531,NACA
490,Nap1l1,Nap1l1,ENSMUSG00000058799.16,ENSG00000187109,NAP1L1
491,Ncam1,Ncam1,ENSMUSG00000039542.16,ENSG00000149294,NCAM1
492,Ncaph2,Ncaph2,ENSMUSG00000008690.15,ENSG00000025770,NCAPH2
493,Ncoa1,Ncoa1,ENSMUSG00000020647.10,ENSG00000084676,NCOA1
494,Ncoa3,Ncoa3,ENSMUSG00000027678.17,ENSG00000124151,NCOA3
495,Ndufa2,Ndufa2,ENSMUSG00000014294.4,ENSG00000131495,NDUFA2
496,Ndufa6,Ndufa6,ENSMUSG00000022450.6,ENSG00000184983,NDUFA6
497,Ndufc2,Ndufc2,ENSMUSG00000030647.8,ENSG00000259112,NDUFC2-KCTD14
498,Ndufc2,Ndufc2,ENSMUSG00000030647.8,ENSG00000151366,NDUFC2
499,Ndufv3,Ndufv3,ENSMUSG00000024038.17,ENSG00000160194,NDUFV3
500,Necap1,Necap1,ENSMUSG00000030327.8,ENSG00000089818,NECAP1
501,Nedd4,Nedd4,ENSMUSG00000032216.15,ENSG00000069869,NEDD4
502,Nfe2l2,Nfe2l2,ENSMUSG00000015839.6,ENSG00000116044,NFE2L2
503,Nfia,Nfia,ENSMUSG00000028565.18,ENSG00000162599,NFIA
504,Nit1,Nit1,ENSMUSG00000013997.10,ENSG00000158793,NIT1
505,Nme2,Nme2,ENSMUSG00000020857.11,ENSG00000243678,NME2
506,Nol10,Nol10,ENSMUSG00000061458.9,ENSG00000115761,NOL10
507,Nol12,Nol12,ENSMUSG00000033099.10,ENSG00000273899,NOL12
508,Nol12,Nol12,ENSMUSG00000033099.10,ENSG00000100101,Z83844.1
509,Nol7,Nol7,ENSMUSG00000063200.4,ENSG00000225921,NOL7
510,Nop58,Nop58,ENSMUSG00000026020.9,ENSG00000055044,NOP58
511,Notch2,Notch2,ENSMUSG00000027878.11,ENSG00000134250,NOTCH2
512,Nppc,Nppc,ENSMUSG00000026241.5,ENSG00000163273,NPPC
513,Nrep,Nrep,ENSMUSG00000042834.15,ENSG00000134986,NREP
514,Nucks1,Nucks1,ENSMUSG00000026434.12,ENSG00000069275,NUCKS1
515,Nudt16l1,Nudt16l1,ENSMUSG00000022516.10,ENSG00000168101,NUDT16L1
516,Numbl,Numbl,ENSMUSG00000063160.12,ENSG00000105245,NUMBL
517,Nxf1,Nxf1,ENSMUSG00000010097.15,ENSG00000162231,NXF1
518,Oat,Oat,ENSMUSG00000030934.9,ENSG00000065154,OAT
519,Oaz1,Oaz1,ENSMUSG00000035242.15,ENSG00000104904,OAZ1
520,Odc1,Odc1,ENSMUSG00000011179.8,ENSG00000115758,ODC1
521,Pa2g4,Pa2g4,ENSMUSG00000025364.13,ENSG00000170515,PA2G4
522,Pa2g4,Pa2g4,ENSMUSG00000025364.13,ENSG00000257411,AC034102.2
523,Pabpc1,Pabpc1,ENSMUSG00000022283.15,ENSG00000070756,PABPC1
524,Pabpn1,Pabpn1,ENSMUSG00000022194.15,ENSG00000258643,BCL2L2-PABPN1
525,Pam,Pam,ENSMUSG00000026335.16,ENSG00000145730,PAM
526,Park7,Park7,ENSMUSG00000028964.14,ENSG00000116288,PARK7
527,Pax7,Pax7,ENSMUSG00000028736.13,ENSG00000009709,PAX7
528,Pde4b,Pde4b,ENSMUSG00000028525.16,ENSG00000184588,PDE4B
529,Pdlim4,Pdlim4,ENSMUSG00000020388.12,ENSG00000131435,PDLIM4
530,Peg3,Peg3,ENSMUSG00000002265.17,ENSG00000198300,PEG3
531,Pfdn5,Pfdn5,ENSMUSG00000001289.12,ENSG00000123349,PFDN5
532,Phlda1,Phlda1,ENSMUSG00000020205.8,ENSG00000139289,PHLDA1
533,Pigc,Pigc,ENSMUSG00000026698.8,ENSG00000135845,PIGC
534,Pik3r1,Pik3r1,ENSMUSG00000041417.15,ENSG00000145675,PIK3R1
535,Pink1,Pink1,ENSMUSG00000028756.12,ENSG00000158828,PINK1
536,Pkm,Pkm,ENSMUSG00000032294.17,ENSG00000067225,PKM
537,Plce1,Plce1,ENSMUSG00000024998.17,ENSG00000138193,PLCE1
538,Pmepa1,Pmepa1,ENSMUSG00000038400.15,ENSG00000124225,PMEPA1
539,Pno1,Pno1,ENSMUSG00000020116.7,ENSG00000115946,PNO1
540,Podxl,Podxl,ENSMUSG00000025608.9,ENSG00000128567,PODXL
541,Polr1d,Polr1d,ENSMUSG00000029642.11,ENSG00000186184,POLR1D
542,Polr2d,Polr2d,ENSMUSG00000024258.4,ENSG00000144231,POLR2D
543,Polr2l,Polr2l,ENSMUSG00000038489.8,ENSG00000177700,POLR2L
544,Ppia,Ppia,ENSMUSG00000071866.12,ENSG00000196262,PPIA
545,Ppig,Ppig,ENSMUSG00000042133.16,ENSG00000138398,PPIG
546,Ppp1cc,Ppp1cc,ENSMUSG00000004455.16,ENSG00000186298,PPP1CC
547,Ppp1r14b,Ppp1r14b,ENSMUSG00000056612.7,ENSG00000173457,PPP1R14B
548,Ppp2ca,Ppp2ca,ENSMUSG00000020349.4,ENSG00000113575,PPP2CA
549,Ppp2r1a,Ppp2r1a,ENSMUSG00000007564.15,ENSG00000105568,PPP2R1A
550,Ppp2r1b,Ppp2r1b,ENSMUSG00000032058.14,ENSG00000137713,PPP2R1B
551,Ppp2r5e,Ppp2r5e,ENSMUSG00000021051.10,ENSG00000154001,PPP2R5E
552,Ppp6r3,Ppp6r3,ENSMUSG00000024908.15,ENSG00000110075,PPP6R3
553,Pptc7,Pptc7,ENSMUSG00000038582.15,ENSG00000196850,PPTC7
554,Pqbp1,Pqbp1,ENSMUSG00000031157.10,ENSG00000102103,PQBP1
555,Prap1,Prap1,ENSMUSG00000025467.8,ENSG00000283496,ZNF511-PRAP1
556,Prap1,Prap1,ENSMUSG00000025467.8,ENSG00000165828,PRAP1
557,Prdx1,Prdx1,ENSMUSG00000028691.12,ENSG00000117450,PRDX1
558,Prdx2,Prdx2,ENSMUSG00000005161.15,ENSG00000167815,PRDX2
559,Prdx6,Prdx6,ENSMUSG00000026701.15,ENSG00000117592,PRDX6
560,Prelp,Prelp,ENSMUSG00000041577.5,ENSG00000188783,PRELP
561,Prg4,Prg4,ENSMUSG00000006014.16,ENSG00000116690,PRG4
562,Prkar1a,Prkar1a,ENSMUSG00000020612.16,ENSG00000108946,PRKAR1A
563,Prkci,Prkci,ENSMUSG00000037643.14,ENSG00000163558,PRKCI
564,Prrc2c,Prrc2c,ENSMUSG00000040225.15,ENSG00000117523,PRRC2C
565,Prrx1,Prrx1,ENSMUSG00000026586.16,ENSG00000116132,PRRX1
566,Psenen,Psenen,ENSMUSG00000036835.7,ENSG00000205155,PSENEN
567,Psma5,Psma5,ENSMUSG00000068749.9,ENSG00000143106,PSMA5
568,Psma7,Psma7,ENSMUSG00000027566.15,ENSG00000101182,PSMA7
569,Psmb3,Psmb3,ENSMUSG00000069744.7,ENSG00000277791,PSMB3
570,Ptbp2,Ptbp2,ENSMUSG00000028134.11,ENSG00000117569,PTBP2
571,Pten,Pten,ENSMUSG00000013663.7,ENSG00000171862,PTEN
572,Ptgfrn,Ptgfrn,ENSMUSG00000027864.9,ENSG00000134247,PTGFRN
573,Ptma,Ptma,ENSMUSG00000026238.14,ENSG00000187514,PTMA
574,Pum1,Pum1,ENSMUSG00000028580.15,ENSG00000134644,PUM1
575,Purb,Purb,ENSMUSG00000094483.2,ENSG00000146676,PURB
576,Qk,Qk,ENSMUSG00000062078.15,ENSG00000112531,QKI
577,Rab11b,Rab11b,ENSMUSG00000077450.13,ENSG00000185236,RAB11B
578,Rab18,Rab18,ENSMUSG00000073639.6,ENSG00000099246,RAB18
579,Rab1b,Rab1b,ENSMUSG00000024870.6,ENSG00000174903,RAB1B
580,Rab3ip,Rab3ip,ENSMUSG00000064181.6,ENSG00000258052,AC025263.2
581,Rab6a,Rab6a,ENSMUSG00000030704.14,ENSG00000175582,RAB6A
582,Rab6b,Rab6b,ENSMUSG00000032549.7,ENSG00000154917,RAB6B
583,Rabac1,Rabac1,ENSMUSG00000003380.11,ENSG00000105404,RABAC1
584,Rac1,Rac1,ENSMUSG00000001847.14,ENSG00000136238,RAC1
585,Rad21,Rad21,ENSMUSG00000022314.10,ENSG00000164754,RAD21
586,Ralgapb,Ralgapb,ENSMUSG00000027652.15,ENSG00000170471,RALGAPB
587,Rasal2,Rasal2,ENSMUSG00000070565.11,ENSG00000075391,RASAL2
588,Rbm12,Rbm12,ENSMUSG00000089824.10,ENSG00000244462,RBM12
589,Rbm25,Rbm25,ENSMUSG00000010608.15,ENSG00000119707,RBM25
590,Rbm3,Rbm3,ENSMUSG00000031167.16,ENSG00000102317,RBM3
591,Rbm39,Rbm39,ENSMUSG00000027620.16,ENSG00000131051,RBM39
592,Rbm7,Rbm7,ENSMUSG00000042396.10,ENSG00000076053,RBM7
593,Rbm7,Rbm7,ENSMUSG00000042396.10,ENSG00000255663,AP002373.1
594,Rcl1,Rcl1,ENSMUSG00000024785.7,ENSG00000120158,RCL1
595,Reep5,Reep5,ENSMUSG00000005873.6,ENSG00000129625,REEP5
596,Rell1,Rell1,ENSMUSG00000047881.14,ENSG00000181826,RELL1
597,Rgs2,Rgs2,ENSMUSG00000026360.9,ENSG00000116741,RGS2
598,Rp9,Rp9,ENSMUSG00000032239.10,ENSG00000164610,RP9
599,Rpl14,Rpl14,ENSMUSG00000025794.9,ENSG00000188846,RPL14
600,Rpl19,Rpl19,ENSMUSG00000017404.12,ENSG00000108298,RPL19
601,Rpl22,Rpl22,ENSMUSG00000028936.15,ENSG00000116251,RPL22
602,Rpl29,Rpl29,ENSMUSG00000048758.14,ENSG00000162244,RPL29
603,Rpl3,Rpl3,ENSMUSG00000060036.14,ENSG00000100316,RPL3
604,Rpl31,Rpl31,ENSMUSG00000073702.11,ENSG00000071082,RPL31
605,Rpl36al,Rpl36al,ENSMUSG00000049751.6,ENSG00000241343,RPL36A
606,Rpl37,Rpl37,ENSMUSG00000041841.8,ENSG00000145592,RPL37
607,Rpl6,Rpl6,ENSMUSG00000029614.13,ENSG00000089009,RPL6
608,Rpl8,Rpl8,ENSMUSG00000003970.9,ENSG00000161016,RPL8
609,Rplp2,Rplp2,ENSMUSG00000025508.13,ENSG00000177600,RPLP2
610,Rps17,Rps17,ENSMUSG00000061787.15,ENSG00000182774,RPS17
611,Rps18,Rps18,ENSMUSG00000008668.15,ENSG00000231500,RPS18
612,Rps19,Rps19,ENSMUSG00000040952.16,ENSG00000105372,RPS19
613,Rps2,Rps2,ENSMUSG00000044533.15,ENSG00000140988,RPS2
614,Rps4x,Rps4x,ENSMUSG00000031320.9,ENSG00000198034,RPS4X
615,Rps6,Rps6,ENSMUSG00000028495.14,ENSG00000137154,RPS6
616,Rrbp1,Rrbp1,ENSMUSG00000027422.15,ENSG00000125844,RRBP1
617,Rsl1d1,Rsl1d1,ENSMUSG00000005846.12,ENSG00000171490,RSL1D1
618,Rspry1,Rspry1,ENSMUSG00000050079.10,ENSG00000159579,RSPRY1
619,Rsrc2,Rsrc2,ENSMUSG00000029422.15,ENSG00000111011,RSRC2
620,Rsu1,Rsu1,ENSMUSG00000026727.10,ENSG00000148484,RSU1
621,Rtf1,Rtf1,ENSMUSG00000027304.9,ENSG00000137815,RTF1
622,Rtn2,Rtn2,ENSMUSG00000030401.16,ENSG00000125744,RTN2
623,Rtn4,Rtn4,ENSMUSG00000020458.16,ENSG00000115310,RTN4
624,Ryk,Ryk,ENSMUSG00000032547.12,ENSG00000163785,RYK
625,S100a10,S100a10,ENSMUSG00000041959.14,ENSG00000197747,S100A10
626,S100a16,S100a16,ENSMUSG00000074457.10,ENSG00000188643,S100A16
627,S100a6,S100a6,ENSMUSG00000001025.8,ENSG00000197956,S100A6
628,S1pr1,S1pr1,ENSMUSG00000045092.8,ENSG00000170989,S1PR1
629,Scamp3,Scamp3,ENSMUSG00000028049.15,ENSG00000116521,SCAMP3
630,Sdhc,Sdhc,ENSMUSG00000058076.12,ENSG00000143252,SDHC
631,Sec14l1,Sec14l1,ENSMUSG00000020823.16,ENSG00000129657,SEC14L1
632,Sec24b,Sec24b,ENSMUSG00000001052.15,ENSG00000138802,SEC24B
633,Sec61g,Sec61g,ENSMUSG00000078974.10,ENSG00000132432,SEC61G
634,Sec62,Sec62,ENSMUSG00000027706.8,ENSG00000008952,SEC62
635,Sema4c,Sema4c,ENSMUSG00000026121.13,ENSG00000168758,SEMA4C
636,Serbp1,Serbp1,ENSMUSG00000036371.6,ENSG00000142864,SERBP1
637,Serf2,Serf2,ENSMUSG00000074884.12,ENSG00000140264,SERF2
638,Serinc3,Serinc3,ENSMUSG00000017707.9,ENSG00000132824,SERINC3
639,Serpinb6a,Serpinb6a,ENSMUSG00000060147.15,ENSG00000124570,SERPINB6
640,Serping1,Serping1,ENSMUSG00000023224.12,ENSG00000149131,SERPING1
641,Sf1,Sf1,ENSMUSG00000024949.17,ENSG00000168066,SF1
642,Sf3b1,Sf3b1,ENSMUSG00000025982.13,ENSG00000115524,SF3B1
643,Sfswap,Sfswap,ENSMUSG00000029439.14,ENSG00000061936,SFSWAP
644,Sgk1,Sgk1,ENSMUSG00000019970.15,ENSG00000118515,SGK1
645,Siah2,Siah2,ENSMUSG00000036432.8,ENSG00000181788,SIAH2
646,Ski,Ski,ENSMUSG00000029050.15,ENSG00000157933,SKI
647,Slc16a2,Slc16a2,ENSMUSG00000033965.10,ENSG00000147100,SLC16A2
648,Slc25a3,Slc25a3,ENSMUSG00000061904.12,ENSG00000075415,SLC25A3
649,Slc25a4,Slc25a4,ENSMUSG00000031633.4,ENSG00000151729,SLC25A4
650,Slc25a5,Slc25a5,ENSMUSG00000016319.3,ENSG00000005022,SLC25A5
651,Slc35a1,Slc35a1,ENSMUSG00000028293.14,ENSG00000164414,SLC35A1
652,Slc38a2,Slc38a2,ENSMUSG00000022462.7,ENSG00000134294,SLC38A2
653,Slc43a3,Slc43a3,ENSMUSG00000027074.14,ENSG00000134802,SLC43A3
654,Slc5a1,Slc5a1,ENSMUSG00000011034.6,ENSG00000100170,SLC5A1
655,Slc5a6,Slc5a6,ENSMUSG00000006641.12,ENSG00000138074,SLC5A6
656,Slc7a5,Slc7a5,ENSMUSG00000040010.10,ENSG00000103257,SLC7A5
657,Slc9a3r2,Slc9a3r2,ENSMUSG00000002504.15,ENSG00000065054,SLC9A3R2
658,Smarca4,Smarca4,ENSMUSG00000032187.16,ENSG00000127616,SMARCA4
659,Smc1a,Smc1a,ENSMUSG00000041133.11,ENSG00000072501,SMC1A
660,Smim13,Smim13,ENSMUSG00000091264.3,ENSG00000224531,SMIM13
661,Snai2,Snai2,ENSMUSG00000022676.7,ENSG00000019549,SNAI2
662,Snrpb2,Snrpb2,ENSMUSG00000008333.12,ENSG00000125870,SNRPB2
663,Snrpe,Snrpe,ENSMUSG00000090553.8,ENSG00000182004,SNRPE
664,Snrpg,Snrpg,ENSMUSG00000057278.8,ENSG00000143977,SNRPG
665,Snx1,Snx1,ENSMUSG00000032382.14,ENSG00000028528,SNX1
666,Sod1,Sod1,ENSMUSG00000022982.10,ENSG00000142168,SOD1
667,Son,Son,ENSMUSG00000022961.18,ENSG00000159140,SON
668,Sos1,Sos1,ENSMUSG00000024241.7,ENSG00000115904,SOS1
669,Spast,Spast,ENSMUSG00000024068.8,ENSG00000021574,SPAST
670,Spata5,Spata5,ENSMUSG00000027722.14,ENSG00000145375,SPATA5
671,Spcs2,Spcs2,ENSMUSG00000035227.7,ENSG00000118363,SPCS2
672,Spry1,Spry1,ENSMUSG00000037211.12,ENSG00000164056,SPRY1
673,Spry2,Spry2,ENSMUSG00000022114.5,ENSG00000136158,SPRY2
674,Srp9,Srp9,ENSMUSG00000026511.7,ENSG00000143742,SRP9
675,Srprb,Srprb,ENSMUSG00000032553.14,ENSG00000144867,SRPRB
676,Srrm1,Srrm1,ENSMUSG00000028809.16,ENSG00000133226,SRRM1
677,Srrm2,Srrm2,ENSMUSG00000039218.17,ENSG00000167978,SRRM2
678,Srsf2,Srsf2,ENSMUSG00000034120.18,ENSG00000161547,SRSF2
679,Srsf3,Srsf3,ENSMUSG00000071172.13,ENSG00000112081,SRSF3
680,Srsf5,Srsf5,ENSMUSG00000021134.17,ENSG00000100650,SRSF5
681,Srsf6,Srsf6,ENSMUSG00000016921.14,ENSG00000124193,SRSF6
682,Srsf7,Srsf7,ENSMUSG00000024097.11,ENSG00000115875,SRSF7
683,Srsf9,Srsf9,ENSMUSG00000029538.14,ENSG00000111786,SRSF9
684,Ssh3,Ssh3,ENSMUSG00000034616.17,ENSG00000172830,SSH3
685,Ssr2,Ssr2,ENSMUSG00000041355.13,ENSG00000163479,SSR2
686,St3gal5,St3gal5,ENSMUSG00000056091.12,ENSG00000115525,ST3GAL5
687,Stat3,Stat3,ENSMUSG00000004040.16,ENSG00000168610,STAT3
688,Steap4,Steap4,ENSMUSG00000012428.9,ENSG00000127954,STEAP4
689,Stk11,Stk11,ENSMUSG00000003068.17,ENSG00000118046,STK11
690,Swt1,Swt1,ENSMUSG00000052748.14,ENSG00000116668,SWT1
691,Syde1,Syde1,ENSMUSG00000032714.6,ENSG00000105137,SYDE1
692,Sytl2,Sytl2,ENSMUSG00000030616.16,ENSG00000137501,SYTL2
693,Tab2,Tab2,ENSMUSG00000015755.16,ENSG00000055208,TAB2
694,Tagln,Tagln,ENSMUSG00000032085.5,ENSG00000149591,TAGLN
695,Tanc2,Tanc2,ENSMUSG00000053580.16,ENSG00000170921,TANC2
696,Tardbp,Tardbp,ENSMUSG00000041459.15,ENSG00000120948,TARDBP
697,Tars,Tars,ENSMUSG00000022241.6,ENSG00000113407,TARS1
698,Tcf25,Tcf25,ENSMUSG00000001472.17,ENSG00000141002,TCF25
699,Tcf4,Tcf4,ENSMUSG00000053477.17,ENSG00000196628,TCF4
700,Tcof1,Tcof1,ENSMUSG00000024613.16,ENSG00000070814,TCOF1
701,Tgfbr3,Tgfbr3,ENSMUSG00000029287.14,ENSG00000069702,TGFBR3
702,Tgoln1,Tgoln1,ENSMUSG00000056429.4,ENSG00000152291,TGOLN2
703,Thap3,Thap3,ENSMUSG00000039759.10,ENSG00000041988,THAP3
704,Timp2,Timp2,ENSMUSG00000017466.9,ENSG00000035862,TIMP2
705,Timp3,Timp3,ENSMUSG00000020044.13,ENSG00000100234,TIMP3
706,Tm2d1,Tm2d1,ENSMUSG00000028563.16,ENSG00000162604,TM2D1
707,Tm7sf3,Tm7sf3,ENSMUSG00000040234.16,ENSG00000064115,TM7SF3
708,Tm9sf3,Tm9sf3,ENSMUSG00000025016.11,ENSG00000077147,TM9SF3
709,Tmbim1,Tmbim1,ENSMUSG00000006301.17,ENSG00000135926,TMBIM1
710,Tmcc3,Tmcc3,ENSMUSG00000020023.18,ENSG00000057704,TMCC3
711,Tmem109,Tmem109,ENSMUSG00000034659.14,ENSG00000110108,TMEM109
712,Tmem176b,Tmem176b,ENSMUSG00000029810.15,ENSG00000106565,TMEM176B
713,Tmem30a,Tmem30a,ENSMUSG00000032328.12,ENSG00000112697,TMEM30A
714,Tmem50a,Tmem50a,ENSMUSG00000028822.11,ENSG00000183726,TMEM50A
715,Tmem64,Tmem64,ENSMUSG00000043252.8,ENSG00000180694,TMEM64
716,Tmem65,Tmem65,ENSMUSG00000062373.8,ENSG00000164983,TMEM65
717,Tmsb10,Tmsb10,ENSMUSG00000079523.8,ENSG00000034510,TMSB10
718,Tmsb4x,Tmsb4x,ENSMUSG00000049775.16,ENSG00000154620,TMSB4Y
719,Tnni2,Tnni2,ENSMUSG00000031097.15,ENSG00000130598,TNNI2
720,Tnrc6b,Tnrc6b,ENSMUSG00000047888.10,ENSG00000100354,TNRC6B
721,Top1,Top1,ENSMUSG00000070544.6,ENSG00000198900,TOP1
722,Top2b,Top2b,ENSMUSG00000017485.11,ENSG00000077097,TOP2B
723,Tor1aip1,Tor1aip1,ENSMUSG00000026466.16,ENSG00000143337,TOR1AIP1
724,Tpm1,Tpm1,ENSMUSG00000032366.15,ENSG00000140416,TPM1
725,Tpm4,Tpm4,ENSMUSG00000031799.10,ENSG00000167460,TPM4
726,Tprkb,Tprkb,ENSMUSG00000054226.13,ENSG00000144034,TPRKB
727,Tpst1,Tpst1,ENSMUSG00000034118.15,ENSG00000169902,TPST1
728,Tra2a,Tra2a,ENSMUSG00000029817.11,ENSG00000164548,TRA2A
729,Trdmt1,Trdmt1,ENSMUSG00000026723.10,ENSG00000107614,TRDMT1
730,Tril,Tril,ENSMUSG00000043496.7,ENSG00000255690,TRIL
731,Trim2,Trim2,ENSMUSG00000027993.16,ENSG00000288637,AC013477.2
732,Trim2,Trim2,ENSMUSG00000027993.16,ENSG00000109654,TRIM2
733,Trim25,Trim25,ENSMUSG00000000275.16,ENSG00000121060,TRIM25
734,Tshz1,Tshz1,ENSMUSG00000046982.11,ENSG00000179981,TSHZ1
735,Tsn,Tsn,ENSMUSG00000026374.14,ENSG00000211460,TSN
736,Tsnax,Tsnax,ENSMUSG00000056820.7,ENSG00000116918,TSNAX
737,Tspan13,Tspan13,ENSMUSG00000020577.17,ENSG00000106537,TSPAN13
738,Tspo,Tspo,ENSMUSG00000041736.7,ENSG00000100300,TSPO
739,Tspyl1,Tspyl1,ENSMUSG00000047514.6,ENSG00000189241,TSPYL1
740,Tspyl4,Tspyl4,ENSMUSG00000039485.8,ENSG00000187189,TSPYL4
741,Tuba1a,Tuba1a,ENSMUSG00000072235.6,ENSG00000167552,TUBA1A
742,Tuba1b,Tuba1b,ENSMUSG00000023004.8,ENSG00000123416,TUBA1B
743,Tubb4b,Tubb4b,ENSMUSG00000036752.4,ENSG00000188229,TUBB4B
744,Txndc15,Txndc15,ENSMUSG00000021497.10,ENSG00000113621,TXNDC15
745,Txndc9,Txndc9,ENSMUSG00000058407.12,ENSG00000115514,TXNDC9
746,Uba1,Uba1,ENSMUSG00000001924.15,ENSG00000130985,UBA1
747,Uba2,Uba2,ENSMUSG00000052997.15,ENSG00000126261,UBA2
748,Uba52,Uba52,ENSMUSG00000090137.8,ENSG00000221983,UBA52
749,Ube2d3,Ube2d3,ENSMUSG00000078578.9,ENSG00000109332,UBE2D3
750,Ube2i,Ube2i,ENSMUSG00000015120.15,ENSG00000103275,UBE2I
751,Ube2v2,Ube2v2,ENSMUSG00000022674.15,ENSG00000169139,UBE2V2
752,Ubn1,Ubn1,ENSMUSG00000039473.8,ENSG00000118900,UBN1
753,Unc50,Unc50,ENSMUSG00000026111.15,ENSG00000115446,UNC50
754,Uqcr10,Uqcr10,ENSMUSG00000059534.8,ENSG00000184076,UQCR10
755,Uqcr11,Uqcr11,ENSMUSG00000020163.12,ENSG00000267059,AC005943.1
756,Uqcr11,Uqcr11,ENSMUSG00000020163.12,ENSG00000127540,UQCR11
757,Uqcrh,Uqcrh,ENSMUSG00000063882.12,ENSG00000173660,UQCRH
758,Uqcrh,Uqcrh,ENSMUSG00000063882.12,ENSG00000233954,UQCRHL
759,Usp19,Usp19,ENSMUSG00000006676.16,ENSG00000172046,USP19
760,Usp22,Usp22,ENSMUSG00000042506.15,ENSG00000124422,USP22
761,Usp25,Usp25,ENSMUSG00000022867.11,ENSG00000155313,USP25
762,Usp47,Usp47,ENSMUSG00000059263.9,ENSG00000170242,USP47
763,Usp8,Usp8,ENSMUSG00000027363.15,ENSG00000138592,USP8
764,Vapa,Vapa,ENSMUSG00000024091.9,ENSG00000101558,VAPA
765,Vcam1,Vcam1,ENSMUSG00000027962.14,ENSG00000162692,VCAM1
766,Vcp,Vcp,ENSMUSG00000028452.7,ENSG00000165280,VCP
767,Vezf1,Vezf1,ENSMUSG00000018377.10,ENSG00000136451,VEZF1
768,Vim,Vim,ENSMUSG00000026728.9,ENSG00000026025,VIM
769,Vps35,Vps35,ENSMUSG00000031696.9,ENSG00000069329,VPS35
770,Vstm4,Vstm4,ENSMUSG00000050666.14,ENSG00000165633,VSTM4
771,Wdr33,Wdr33,ENSMUSG00000024400.16,ENSG00000136709,WDR33
772,Wdr34,Wdr34,ENSMUSG00000039715.8,ENSG00000119333,WDR34
773,Wrnip1,Wrnip1,ENSMUSG00000021400.8,ENSG00000124535,WRNIP1
774,Wsb1,Wsb1,ENSMUSG00000017677.11,ENSG00000109046,WSB1
775,Xirp2,Xirp2,ENSMUSG00000027022.14,ENSG00000163092,XIRP2
776,Xpo7,Xpo7,ENSMUSG00000022100.14,ENSG00000130227,XPO7
777,Xrn2,Xrn2,ENSMUSG00000027433.5,ENSG00000088930,XRN2
778,Ybx3,Ybx3,ENSMUSG00000030189.15,ENSG00000060138,YBX3
779,Yipf5,Yipf5,ENSMUSG00000024487.5,ENSG00000145817,YIPF5
780,Ypel3,Ypel3,ENSMUSG00000042675.15,ENSG00000090238,YPEL3
781,Ythdf3,Ythdf3,ENSMUSG00000047213.14,ENSG00000185728,YTHDF3
782,Ywhab,Ywhab,ENSMUSG00000018326.9,ENSG00000166913,YWHAB
783,Ywhae,Ywhae,ENSMUSG00000020849.13,ENSG00000108953,YWHAE
784,Zbtb20,Zbtb20,ENSMUSG00000022708.16,ENSG00000181722,ZBTB20
785,Zbtb4,Zbtb4,ENSMUSG00000018750.14,ENSG00000174282,ZBTB4
786,Zc3h12a,Zc3h12a,ENSMUSG00000042677.7,ENSG00000163874,ZC3H12A
787,Zfhx4,Zfhx4,ENSMUSG00000025255.18,ENSG00000091656,ZFHX4
788,Zfp523,Zfp523,ENSMUSG00000024220.14,ENSG00000065029,ZNF76
789,Zfp622,Zfp622,ENSMUSG00000052253.6,ENSG00000173545,ZNF622
790,Zfp706,Zfp706,ENSMUSG00000062397.8,ENSG00000120963,ZNF706
791,Zkscan17,Zkscan17,ENSMUSG00000020472.14,ENSG00000162714,ZNF496
792,Zmynd11,Zmynd11,ENSMUSG00000021156.17,ENSG00000015171,ZMYND11
793,Zscan12,Zscan12,ENSMUSG00000036721.14,ENSG00000158691,ZSCAN12
794,Zswim7,Zswim7,ENSMUSG00000014243.5,ENSG00000214941,ZSWIM7
